EIR,Sim0,Sim1,avg_RDT_prev,cases,donotdelete,infections,year
39.15221869945471,,,0.25471394247796386,6341.0,,45059.0,2010.0
0.0,,,,0.0,,0.0,2015.5
39.15221869945471,,,0.25471394247796386,6341.0,,45059.0,2010.0
0.0,,,,0.0,,0.0,2015.5
